{"cameraMode":{"drawMode":0,"name":"Shaded","section":"Shading Mode"},"sceneLighting":true,"audioPlay":false,"sceneViewState":{"showFog":false,"showMaterialUpdate":false,"showSkybox":false,"showFlares":false,"showImageEffects":false,"showParticleSystems":false},"in2DMode":false,"pivot":{"x":2.402923107147217,"y":3.2345287799835207,"z":1.1415032148361207},"rotation":{"x":0.02064433880150318,"y":-0.9340332746505737,"z":0.05503513664007187,"w":0.35256651043891909},"size":1.373676061630249,"orthographic":false}