{"cameraMode":{"drawMode":0,"name":"Shaded","section":"Shading Mode"},"sceneLighting":true,"audioPlay":false,"sceneViewState":{"showFog":false,"showMaterialUpdate":false,"showSkybox":false,"showFlares":false,"showImageEffects":false,"showParticleSystems":false},"in2DMode":false,"pivot":{"x":3.386589288711548,"y":3.915421962738037,"z":9.704046249389649},"rotation":{"x":-0.00003666415796033107,"y":-0.9992367625236511,"z":0.0392991304397583,"w":-0.000892268551979214},"size":0.10789418965578079,"orthographic":false}