{"cameraMode":{"drawMode":0,"name":"Shaded","section":"Shading Mode"},"sceneLighting":false,"audioPlay":false,"sceneViewState":{"showFog":false,"showMaterialUpdate":false,"showSkybox":false,"showFlares":false,"showImageEffects":false,"showParticleSystems":false},"in2DMode":false,"pivot":{"x":-0.13359218835830689,"y":0.8863808512687683,"z":0.3619096279144287},"rotation":{"x":0.048014406114816669,"y":-0.8982570767402649,"z":0.10182677954435349,"w":0.4250143766403198},"size":1.6762384176254273,"orthographic":false}