{"cameraMode":{"drawMode":0,"name":"Shaded","section":"Shading Mode"},"sceneLighting":true,"audioPlay":false,"sceneViewState":{"showFog":false,"showMaterialUpdate":false,"showSkybox":false,"showFlares":false,"showImageEffects":false,"showParticleSystems":false},"in2DMode":false,"pivot":{"x":5.372314453125,"y":1.9212281703948975,"z":-1.9347257614135743},"rotation":{"x":0.06230355054140091,"y":-0.7488704919815064,"z":0.07128581404685974,"w":0.6560606360435486},"size":1.2879642248153687,"orthographic":false}