{"cameraMode":{"drawMode":0,"name":"Shaded","section":"Shading Mode"},"sceneLighting":true,"audioPlay":false,"sceneViewState":{"showFog":false,"showMaterialUpdate":false,"showSkybox":false,"showFlares":false,"showImageEffects":false,"showParticleSystems":false},"in2DMode":false,"pivot":{"x":-1.4658633470535279,"y":1.3532973527908326,"z":2.8305611610412599},"rotation":{"x":-0.005431243684142828,"y":-0.9662017822265625,"z":0.020603863522410394,"w":-0.2571055591106415},"size":1.2247447967529297,"orthographic":false}