{"cameraMode":{"drawMode":0,"name":"Shaded","section":"Shading Mode"},"sceneLighting":true,"audioPlay":false,"sceneViewState":{"showFog":false,"showMaterialUpdate":false,"showSkybox":false,"showFlares":false,"showImageEffects":false,"showParticleSystems":false},"in2DMode":false,"pivot":{"x":-1.7116912603378297,"y":1.1865134239196778,"z":7.952271461486816},"rotation":{"x":-0.012778272852301598,"y":-0.9873373508453369,"z":0.10584486275911331,"w":-0.11811535805463791},"size":1.373676061630249,"orthographic":false}