{"cameraMode":{"drawMode":0,"name":"Shaded","section":"Shading Mode"},"sceneLighting":false,"audioPlay":false,"sceneViewState":{"showFog":false,"showMaterialUpdate":false,"showSkybox":false,"showFlares":false,"showImageEffects":false,"showParticleSystems":false},"in2DMode":false,"pivot":{"x":17.943527221679689,"y":2.185206890106201,"z":-23.122535705566408},"rotation":{"x":0.016888173297047616,"y":-0.9610578417778015,"z":0.2694036364555359,"w":0.06006230413913727},"size":0.7572367787361145,"orthographic":false}