{"cameraMode":{"drawMode":0,"name":"Shaded","section":"Shading Mode"},"sceneLighting":true,"audioPlay":false,"sceneViewState":{"showFog":false,"showMaterialUpdate":false,"showSkybox":false,"showFlares":false,"showImageEffects":false,"showParticleSystems":false},"in2DMode":false,"pivot":{"x":21.66566276550293,"y":4.811648845672607,"z":-0.9924353361129761},"rotation":{"x":-0.07982578128576279,"y":0.6469584107398987,"z":-0.06839527189731598,"w":-0.7553216814994812},"size":1.2247447967529297,"orthographic":false}