{"cameraMode":{"drawMode":0,"name":"Shaded","section":"Shading Mode"},"sceneLighting":false,"audioPlay":false,"sceneViewState":{"showFog":false,"showMaterialUpdate":false,"showSkybox":false,"showFlares":false,"showImageEffects":false,"showParticleSystems":false},"in2DMode":false,"pivot":{"x":-1.3288393020629883,"y":1.2217774391174317,"z":4.888318061828613},"rotation":{"x":-0.015672337263822557,"y":-0.8578687310218811,"z":0.025939837098121644,"w":-0.5131493806838989},"size":1.0360863208770753,"orthographic":false}