{"cameraMode":{"drawMode":0,"name":"Shaded","section":"Shading Mode"},"sceneLighting":true,"audioPlay":false,"sceneViewState":{"showFog":false,"showMaterialUpdate":false,"showSkybox":false,"showFlares":false,"showImageEffects":false,"showParticleSystems":false},"in2DMode":false,"pivot":{"x":-12.250238418579102,"y":4.701189041137695,"z":-11.86506462097168},"rotation":{"x":-0.03392539545893669,"y":-0.5956637859344482,"z":0.02526278793811798,"w":-0.8021753430366516},"size":2.1411190032958986,"orthographic":false}